"","sample_city_name","sample_site_name","sample_site_code","ons_site_name","grid_reference_east","grid_reference_north","grab_compo_ind"
"1","Leeds","Woodhouse Hill, Thorpe, Middleton","YW-WOD","",431842,430539,"Grab"
"2","Greater London","Harrow on the Hill","TW-HOH","",NA,NA,"Grab"
"3","Greater London","Newham Folkstone Rd","TW-FSR","",NA,NA,"Grab"
"4","","NEWQUAY STW","UKENSW_SWS_TP000050","",181743,59070,"Composite"
"5","Luton","George St","TW-GRG","",NA,NA,"Grab"
"6","","HERTFORD   STW","UKENTH_TWU_TP000126","",539251,209766,"Grab"
"7","","WIGAN (HOSCAR) STW","UKENNW_UU_TP000133","",348172,411615,"Composite"
"8","","ST IVES AND PENZANCE STW","UKENSW_SWS_TP000031","ST IVES AND PENZANCE   STW",154781,35753,"Grab"
"9","","BIRMINGHAM EAST (COLESHILL) STW","UKENMI_ST_TP000062","",419379,291391,"Grab"
"10","Greater London","LONDON (Becton STW)","UKENTH_TWU_TP000014","LONDON (Becton STW)",545469,181671,"Composite"
"11","Nottingham","Lenton","ST-LNC","",NA,NA,"Grab"
"12","Greater Manchester","Oldham Oxford Street","UU-OOX","",NA,NA,"Grab"
"13","Bristol","Stoke Bishop, Trym","WW-STO","",355316,176205,"Grab"
"14","Bristol","Temple Meads, Eastville, Southville","WW-TEM","",356927,171838,"Grab"
"15","Bristol","Bamfield Rd, Whitchurch, Hengrove","WW-BWH","",NA,NA,"Grab"
"16","","HARROGATE NORTH STW","UKENNE_YW_TP000015","",430429,458201,"Grab"
"17","","OAKHAM STW","UKENAN_AW_TP000201","",487388,308694,"Grab"
"18","","COVENTRY STW","UKENMI_ST_TP000068","COVENTRY  STW",433599,273701,"Grab"
"19","","OXFORD STW","UKENTH_TWU_TP000159","",454389,202231,"Grab"
"21","Greater London","Glencoe Rd","TW-GLN","",NA,NA,"Grab"
"22","","SANDOWN, VENTNOR,BEMBRIDGE   STW""","UKENSO_SW_TP000016","",460200,85191,"Composite"
"23","","LETCHWORTH STW","UKENAN_AW_TP000160","",520724,234620,"Grab"
"24","","LEEK STW","UKENMI_ST_TP000130","",398109,353971,"Grab"
"25","Sheffield","Darnall, Attercliffe","YW-DAR","",438032,389269,"Grab"
"26","","HYDE STW","UKENNW_UU_TP000067","",393789,394841,"Composite"
"27","Exeter","Exeter University Main Campus","SWS-UMC","",NA,NA,"Composite"
"28","Bristol","Horfield, Lockleaze, Ashley Down","WW-HOR","",360063,174228,"Grab"
"29","Sheffield","Dore","YW-DOR","",NA,NA,"Grab"
"32","","FELIXSTOWE STW","UKENAN_AW_TP000096","",628955,233284,"Grab"
"33","Newcastle","Newcastle -Newcastle City","NW-CIT","",423771,564617,"Grab"
"34","","SOUTHEND SEWAGE WORKS, SOUTHEND ON""","UKENAN_AW_TP000307","",587999,187601,"Grab"
"35","Greater Manchester","Oldham Lees","UU-OLE","",NA,NA,"Grab"
"36","Bristol","Hotwells and Central","WW-HOT","",356558,172821,"Grab"
"37","Liverpool","Hoylake (NORTH WIRRAL [MEOLS] ) STW","UKENNW_UU_TP000095","LIVERPOOL (SANDON [NORTH LIVERPOOL DOCKS] ) STW",324149,390251,"Composite"
"38","Exeter","Exeter West and Exminster","SWS-EEX","",NA,NA,"Composite"
"39","Birmingham","Regina Drive","ST-BRD","",406197,291165,"Grab"
"41","Greater London","Effra Branch Sewer","TW-EBS","",NA,NA,"Grab"
"42","","REEPHAM   STW","UKENAN_AW_TP000219","",610490,322708,"Grab"
"43","Leeds","Armley","YW-ARM","",427671,433977,"Grab"
"44","Exeter","Exeter East","SWS-EAS","",NA,NA,"Composite"
"45","Newcastle","Newcastle - Byker","NW-BKR","",427106,564302,"Grab"
"46","","SCUNTHORPE STW","UKENMI_ST_TP000186","",487449,405991,"Grab"
"47","","CHESHAM, BUCKS STW""","UKENTH_TWU_TP000039","",498089,199521,"Grab"
"49","","NEWCASTLE  (Howdon) STW","UKENNE_NU_TP000031","",433599,566401,"Composite"
"50","","NUNEATON STW","UKENMI_ST_TP000164","",433479,295881,"Grab"
"51","","MARKET DRAYTON STW","UKENMI_ST_TP000147","",366849,333201,"Grab"
"52","","BRACKLEY   STW","UKENAN_AW_TP000028","",460045,236099,"Grab"
"53","","SWANAGE STW","UKENSW_WXW_TP000084","",403559,78651,"Composite"
"54","Nottingham","Wollaton/Dunkirk","ST-WNB","",NA,NA,"Grab"
"55","","WOKING STW","UKENTH_TWU_TP000155","",503199,157401,"Grab"
"56","Luton","Gipsy Lane SW2","TW-GPL","",NA,NA,"Grab"
"57","Greater London","Ivybridge Estate","TW-IBE","",NA,NA,"Grab"
"58","Bristol","Avonmouth","WW-AVO","",NA,NA,"Grab"
"59","Nottingham","Bilborough Aspley A","ST-BNA","",NA,NA,"Grab"
"60","","DOWNHAM MARKET STW","UKENAN_AW_TP000082","",560459,304206,"Grab"
"61","","KEIGHLEY MARLEY STW","UKENNE_YW_TP000096","",408519,441231,"Grab"
"62","","SCAYNES HILL STW","UKENSO_SW_TP000084","",537904,124302,"Grab"
"64","","WARWICK  STW","UKENMI_ST_TP000225","",427569,262891,"Grab"
"65","","ROCHDALE STW","UKENNW_UU_TP000103","",388287,412525,"Composite"
"67","Birmingham","Cranford Street","ST-BCR","",403790,288347,"Grab"
"68","","BATH   STW","UKENSW_WXW_TP000005","",369299,168221,"Composite"
"69","","CAMBORNE / REDRUTH   STW","UKENSW_SWS_TP000010","",163306,41953,"Composite"
"70","Greater London","Grange Road Sewer","TW-GRS","",NA,NA,"Grab"
"71","Birmingham","Tyburn Road Birmingham","ST-BTY","",409803,290018,"Grab"
"72","","STOURBRIDGE & HALESOWEN   STW","UKENMI_ST_TP000180","",387079,283821,"Grab"
"73","","MILTON KEYNES   STW","UKENAN_AW_TP000069","",488411,240500,"Grab"
"76","Leeds","Roundhay, Hollin Park, Beechwood","YW-RHY","",434157,435118,"Grab"
"77","","BICESTER, BICESTER, OXON STW""","UKENTH_TWU_TP000019","",457849,221221,"Grab"
"78","","PORTSMOUTH AND HAVANT   STW","UKENSO_SW_TP000004","",470951,105443,"Composite"
"79","","PETERBOROUGH STW","UKENAN_AW_TP000210","PETERBOROUGH   STW",521980,298342,"Grab"
"80","","BUCKINGHAM  STW","UKENAN_AW_TP000041","",471702,234161,"Grab"
"82","Bristol","BRISTOL STW","UKENSW_WXW_TP000004","BRISTOL   STW",353294,179291,"Composite"
"83","","AYLESBURY, RABANS LANE, AYLESBU STW""","UKENTH_TWU_TP000010","AYLESBURY, RABANS LANE, AYLESBU STW""",478989,214851,"Grab"
"84","Greater Manchester","Eccles","UU-EST","",NA,NA,"Composite"
"85","Newcastle","Newcastle - Wallsend","NW-WLD","",428775,567185,"Grab"
"86","","DARLINGTON   STW","UKENNE_NU_TP000051","",428919,511531,"Composite"
"87","Greater Manchester","Salford low-level","UU-STT","",NA,NA,"Composite"
"88","Birmingham","BIRMINGHAM & BLACK COUNTRY NO. 1 (MINWORTH) STW","UKENMI_ST_TP000156","BIRMINGHAM & BLACK COUNTRY NO. 1 (MINWORTH) STW",416499,292356,"Grab"
"89","Exeter","Exeter Rowe House Accommodation","SWS-RHA","",NA,NA,"Composite"
"90","","WORKSOP STW","UKENMI_ST_TP000242","",461019,378861,"Grab"
"91","Nottingham","West Bridgford","ST-WBR","",NA,NA,"Grab"
"92","","BRADFORD ESHOLT STW","UKENNE_YW_TP000082","BRADFORD ESHOLT STW",418979,438751,"Composite"
"93","","NEWTON ABBOT / TEIGNMOUTH   STW","UKENSW_SWS_TP000051","",288249,72051,"Composite"
"94","","READING STW","UKENTH_TWU_TP000122","",471099,170701,"Grab"
"95","","ALTON, ALTON, HAMPSHIRE STW""","UKENTH_TWU_TP000004","",472899,139801,"Grab"
"96","Leeds","LEEDS (KNOSTROP) STW","UKENNE_YW_TP000098","LEEDS (KNOSTROP) STW",434649,430711,"Grab"
"97","Greater London","Batchworth","TW-BWT","",NA,NA,"Grab"
"98","","CHATHAM AND GILLINGHAM STW","UKENSO_SW_TP000025","CHATHAM AND GILLINGHAM   STW",582959,168491,"Grab"
"100","","WITNEY STW","UKENTH_TWU_TP000154","",434749,208541,"Grab"
"101","","SITTINGBOURNE STW","UKENSO_SW_TP000032","",591077,164857,"Composite"
"102","","NEWHAVEN, LEWES   STW""","UKENSO_SW_TP000082","",545196,100750,"Grab"
"103","Greater Manchester","BOLTON STW","UKENNW_UU_TP000019","BOLTON STW",376549,404691,"Composite"
"105","Birmingham","Watson Road","ST-BWA","",410101,289417,"Grab"
"106","","SHAFTESBURY STW","UKENSW_WXW_TP000075","",386179,121431,"Composite"
"107","Greater London","Christopher Jones Garden","TW-CJG","",NA,NA,"Grab"
"109","","BRIDPORT STW","UKENSW_WXW_TP000012","",347099,90701,"Composite"
"111","","CHESTERFIELD   STW","UKENNE_YW_TP000112","",439229,374651,"Grab"
"112","","BLACKBURN STW","UKENNW_UU_TP000018","",360469,429411,"Grab"
"113","Birmingham","Friar Park Road","ST-BFR","",401572,295105,"Grab"
"115","","STALHAM STW","UKENAN_AW_TP000247","",635866,325256,"Grab"
"116","Luton","Park Street SW1","TW-PKS","",NA,NA,"Grab"
"117","","ST AUSTELL MENAGWINS STW","UKENSW_SWS_TP000067","",201192,50857,"Grab"
"118","Nottingham","Nottingham City A","ST-NCA","",NA,NA,"Grab"
"119","Liverpool","LIVERPOOL (SANDON [NORTH LIVERPOOL DOCKS] ) STW","UKENNW_UU_TP000110","Hoylake (NORTH WIRRAL [MEOLS] )",333486,392845,"Composite"
"120","Greater London","Dews Farm","TW-DEW","",NA,NA,"Grab"
"121","","WORTHING   STW","UKENSO_SW_TP000083","",517007,103642,"Grab"
"122","Luton","Selbourne Rd","TW-SLB","",NA,NA,"Grab"
"123","","HARTLEPOOL   STW","UKENNE_NU_TP000046","",451989,527651,"Composite"
"124","","PLYMPTON   STW","UKENSW_SWS_TP000059","",252334,56403,"Composite"
"125","Exeter","Exeter Hospital Accommodation","SWS-HAC","",NA,NA,"Composite"
"126","","BURY ST. EDMUNDS   STW","UKENAN_AW_TP000047","",584305,267802,"Grab"
"129","","BARTON-UPON-HUMBER STW","UKENAN_AW_TP000012","",503493,423395,"Grab"
"130","","LEIGH STW","UKENNW_UU_TP000078","LEIGH STW",365809,399001,"Grab"
"131","","PONTEFRACT AND FERRYBRIDGE   STW","UKENNE_YW_TP000131","",450119,425501,"Grab"
"132","Bristol","Highridge, Bishopsworth, Withywood","WW-HBW","",NA,NA,"Grab"
"133","Bristol","Fishponds, Hillfields","WW-FPD","",NA,NA,"Grab"
"134","Greater Manchester","Oldham Chadderton","UU-OCH","",NA,NA,"Grab"
"135","","HUDDERSFIELD STW","UKENNE_YW_TP000094","",418099,420701,"Composite"
"136","Sheffield","Blackburn","YW-BBV","",439423,391638,"Grab"
"138","Newcastle","Newcastle -Jesmond","NW-JES","",425675,567890,"Grab"
"140","Bristol","Wills, Oldland, LW Green, Warmley","WW-WOL","",NA,NA,"Grab"
"141","","TAUNTON STW","UKENSW_WXW_TP000086","",328049,124551,"Composite"
"142","","TIVERTON STW","UKENSW_SWS_TP000074","",295499,110501,"Grab"
"143","","MAPLE LODGE, BUCKS STW""","UKENTH_TWU_TP000106","",504199,191941,"Grab"
"145","","GREAT YARMOUTH (CAISTER) STW","UKENAN_AW_TP000115","",651859,311135,"Grab"
"148","","FAREHAM AND GOSPORT, HAMBLE, HEDGE END (PEEL COMMON) STW""","UKENSO_SW_TP000008","",456846,103242,"Grab"
"149","Greater Manchester","Oldham Hollins Green","UU-OHG","",NA,NA,"Grab"
"150","","SPERNAL   STW","UKENMI_ST_TP000199","",408459,262631,"Unspecified"
"151","Greater London","Camden Street","TW-CMS","",NA,NA,"Grab"
"152","","IPSWICH   STW","UKENAN_AW_TP000144","",617466,241968,"Grab"
"153","Greater London","Barking Choats Rd","TW-CHR","",NA,NA,"Grab"
"155","","NEEDHAM MARKET STW","UKENAN_AW_TP000191","",609463,254882,"Grab"
"156","Greater Manchester","Salford high-level","UU-STO","",NA,NA,"Composite"
"157","Birmingham","Curdworth PS","ST-BCU","",417723,291913,"Grab"
"158","","WESTON SUPER MARE STW","UKENSW_WXW_TP000100","",331469,156981,"Composite"
"159","Greater London","Cygnet Avenue","TW-CGA","",NA,NA,"Grab"
"160","Greater Manchester","Racecourse Hotel","UU-RCH","",NA,NA,"Grab"
"162","Greater Manchester","Wigan Shevington North","UU-WCG","",NA,NA,"Grab"
"163","Leeds","Halton Moor","YW-HAL","",434062,433446,"Grab"
"164","Sheffield","Burngreave","YW-SBG","",436964,388853,"Grab"
"168","","EXMOUTH STW","UKENSW_SWS_TP000024","",302457,80397,"Composite"
"169","","WOLVERHAMPTON (BARNHURST) STW","UKENMI_ST_TP000018","",389999,301651,"Grab"
"170","Greater Manchester","Salford Media City","UU-BPS","",NA,NA,"Composite"
"172","","PAR STW","UKENSW_SWS_TP000055","",206629,52671,"Grab"
"173","","CARLISLE STW","UKENNW_UU_TP000027","",338811,556534,"Grab"
"174","Greater London","LONDON (Crossness STW)","UKENTH_TWU_TP000052","LONDON (Crossness STW)",549086,180831,"Composite"
"176","Nottingham","Daybrook","ST-DNC","",NA,NA,"Grab"
"180","","WORCESTER STW","UKENMI_ST_TP000241","",384619,253411,"Grab"
"181","Sheffield","Meersbrook Bank, Norton Lees, Norton Woodseat","YW-NSE","",434804,384714,"Grab"
"183","Liverpool","Bank Hall Relief","UU-BHR","",NA,NA,"Grab"
"184","","CHELTENHAM STW","UKENMI_ST_TP000256","",389929,224861,"Grab"
"185","","BEVERLEY STW","UKENNE_YW_TP000056","",505199,439176,"Composite"
"189","Greater London","Enfield Menon Drive","TW-MEN","",NA,NA,"Grab"
"190","Greater London","Walthamstow Low Hall","TW-LOW","",NA,NA,"Grab"
"192","","DAVENTRY   STW","UKENAN_AW_TP000286","",461877,264787,"Grab"
"194","","LITTLE MARLOW STW","UKENTH_TWU_TP000100","LUTON STW",487709,186961,"Grab"
"195","Bristol","Downend","WW-DND","",NA,NA,"Grab"
"197","Greater Manchester","Wigan Roby Mill","UU-WCE","",NA,NA,"Grab"
"199","Greater Manchester","Wigan Marsh Green","UU-WKL","",NA,NA,"Grab"
"200","","BARSTON STW","UKENMI_ST_TP000020","BARSTON STW",419399,280281,"Grab"
"203","Greater London","Regent St","TW-REG","",NA,NA,"Grab"
"204","Greater London","Hawthorne Cres.","TW-HAW","",NA,NA,"Grab"
"205","","BARNOLDSWICK STW","UKENNW_UU_TP000011","",387849,448011,"Composite"
"209","","WELLINGBOROUGH   STW","UKENAN_AW_TP000037","",493847,268578,"Grab"
"210","Sheffield","Rother Valley, Birley","YW-RVB","",443269,385575,"Grab"
"213","","HORDEN AND PETERLEE STW","UKENNE_NU_TP000030","HORDEN AND PETERLEE STW",444099,542631,"Composite"
"215","Newcastle","Newcastle - Walker","NW-WKR","",429201,563816,"Grab"
"217","","BARROW-IN-FURNESS STW","UKENNW_UU_TP000012","BARROW IN FURNESS",321942,468543,"Composite"
"218","Southampton","SOUTHAMPTON WEST (MILLBROOK) STW","UKENSO_SW_TP000001","SOUTHAMPTON WEST (MILLBROOK) STW",438718,112480,"Grab"
"220","Bristol","Clifton","WW-CLF","",356439,173831,"Grab"
"222","Greater London","Costons Lane, Northolt Lane","TW-CLN","",NA,NA,"Grab"
"223","Sheffield","Shiregreen","YW-NTW","",437301,393305,"Grab"
"225","","CRAMLINGTON STW","UKENNE_NU_TP000020","",426789,579691,"Composite"
"226","Newcastle","Newcastle - Benton","NW-BTN","",472324,571629,"Grab"
"228","Luton","LUTON STW","UKENTH_TWU_TP000103","LITTLE MARLOW   STW",512349,217841,"Grab"
"229","","CIRENCESTER, CIRENCESTER, GLOS STW""","UKENTH_TWU_TP000047","",403359,196941,"Grab"
"230","","MACCLESFIELD STW","UKENNW_UU_TP000084","",389609,378201,"Composite"
"231","","BASILDON STW","UKENAN_AW_TP000303","",573699,190651,"Grab"
"232","Leeds","Manston, Scholes, Whinmoor","YW-MAN","",435742,434052,"Grab"
"235","","COLCHESTER STW","UKENAN_AW_TP000063","COLCHESTER   STW",602226,223615,"Grab"
"236","","MELTON MOWBRAY STW","UKENMI_ST_TP000152","",473489,318281,"Grab"
"237","","FALMOUTH STW","UKENSW_SWS_TP000025","",182302,32206,"Composite"
"238","Greater London","Makepeace Road","TW-MPR","",NA,NA,"Grab"
"240","","CANTERBURY STW","UKENSO_SW_TP000033","",616939,159720,"Composite"
"241","","HILLHOUSE STW","UKENNW_UU_TP000062","",335099,405591,"Composite"
"242","Birmingham","Vintage Close","ST-BVI","",414290,288334,"Grab"
"243","","MABLETHORPE STW","UKENAN_AW_TP000172","",549093,382502,"Grab"
"244","Nottingham","Sherwood","ST-SNC","",NA,NA,"Grab"
"245","","SPALDING STW","UKENAN_AW_TP000242","",526077,325171,"Grab"
"247","Greater Manchester","Davyhulme all areas","UU-DSD","",NA,NA,"Composite"
"249","Birmingham","Fulford Drive","ST-BFU","",414926,292303,"Grab"
"250","Leeds","Pudsey, Delph End, Fulneck","YW-PDF","",424594,433632,"Grab"
"251","","HYTHE STW","UKENSO_SW_TP000027","",615620,133984,"Grab"
"253","Cornwall G7","Penzance Chyandour","SWS-PNZ","",NA,NA,"Grab"
"256","Greater London","LONDON (Mogden STW)","UKENTH_TWU_TP000113","LONDON (Mogden STW)",515409,174721,"Composite"
"258","Leeds","Harehills South","YW-HAH","",432315,433766,"Grab"
"259","Greater London","South Vale","TW-SVL","",NA,NA,"Grab"
"261","","ASHFORD STW","UKENSO_SW_TP000026","",601950,143308,"Grab"
"262","","NORTH WARRINGTON   STW","UKENNW_UU_TP000124","",358039,386891,"Composite"
"264","","PLYMOUTH (CAMELS HEAD) STW","UKENSW_SWS_TP000056","",245476,56957,"Grab"
"267","Greater Manchester","Oldham Mills Hill","UU-OMG","",NA,NA,"Unspecified"
"269","Newcastle","Newcastle - Lower Ouseburn","NW-LOB","",426993,565154,"Grab"
"272","","WISBECH WEST WALTON STW","UKENAN_AW_TP000293","",545869,314163,"Grab"
"274","Greater Manchester","Stockport North","UU-SKN","",NA,NA,"Grab"
"278","","LONDON (Crawley STW)","UKENTH_TWU_TP000050","",528799,140201,"Grab"
"280","","STOKE ON TRENT (STRONGFORD) STW","UKENMI_ST_TP000207","",387819,339051,"Grab"
"281","","BASINGSTOKE, WILDMOOR, BASINGST STW""","UKENTH_TWU_TP000013","BASINGSTOKE, WILDMOOR, BASINGST STW""",467999,155201,"Grab"
"282","","ANWICK STW","UKENAN_AW_TP000004","",511489,350004,"Grab"
"286","Bristol","Whitchurch and Brislington","WW-WCB","",355440,176726,"Grab"
"287","Leeds","Killingbeck, Seacroft Hospital","YW-KIL","",434416,434161,"Unspecified"
"288","","EAST HASTINGS, BEXHILL   STW""","UKENSO_SW_TP000091","",576559,109381,"Composite"
"291","Greater London","LONDON (Riverside STW)","UKENTH_TWU_TP000125","LONDON (Riverside STW)",551499,181901,"Composite"
"294","Nottingham","Sneinton","ST-SNE","",NA,NA,"Grab"
"295","Leeds","Laisterdyke, Delph End, Hillfoot","YW-LDH","",423850,432454,"Grab"
"296","","BANBURY, SPITAL FARM, BANBURY, STW""","UKENTH_TWU_TP000012","",446953,240274,"Grab"
"298","Newcastle","Newcastle -Heaton","NW-HTN","",428246,567131,"Grab"
"299","Greater London","LONDON (Beddington STW)","UKENTH_TWU_TP000015","LONDON (Beddington STW)",529519,166319,"Grab"
"301","Newcastle","Newcastle - Newburn","NW-NBN","",415652,566676,"Grab"
"302","","STAMFORD STW","UKENAN_AW_TP000248","",507099,306497,"Grab"
"304","Greater Manchester","Oldham Lowside","UU-OLW","",NA,NA,"Grab"
"305","Liverpool","Park Street","UU-PST","",NA,NA,"Grab"
"306","Greater London","Watkin Road, Wembley Sewer","TW-WRW","",NA,NA,"Grab"
"307","Bristol","Emersons Green, Mangotsfield","WW-EGM","",NA,NA,"Grab"
"310","","GRIMSBY   STW","UKENAN_AW_TP000116","",526212,410959,"Grab"
"313","Cornwall G7","St Ives Porthgwidden","SWS-ISP","",NA,NA,"Grab"
"314","Greater London","Slade Green SPS","TW-SLA","",NA,NA,"Grab"
"315","Newcastle","Newcastle - Ponteland","NW-PTL","",415208,571041,"Grab"
"316","","STOWMARKET STW","UKENAN_AW_TP000253","",605741,258373,"Grab"
"317","Sheffield","Swallownest","YW-SWA","",444018,385793,"Grab"
"318","","HAVERHILL STW","UKENAN_AW_TP000127","",568155,244852,"Grab"
"319","","DONCASTER (SANDALL) STW","UKENNE_YW_TP000119","",460189,405981,"Composite"
"320","Teesside","Hartlepool South","NW-HPS","",NA,NA,"Grab"
"322","Birmingham","Kingsbury Road Birmingham","ST-BKR","",412723,290906,"Grab"
"323","Leeds","Carr Place, Little London, Leeds","YW-LLC","",NA,NA,"Grab"
"331","Greater London","Enfield Maltbury Drive","TW-MAL","",NA,NA,"Grab"
"332","","WAKEFIELD (CALDER VALE) STW","UKENNE_YW_TP000063","",435069,420411,"Composite"
"333","","CLEVEDON / NAILSEA / YATTON   STW","UKENSW_WXW_TP000044","",338929,168181,"Composite"
"335","Greater Manchester","Davyhulme Urmston","UU-DSU","",NA,NA,"Composite"
"336","Sheffield","Firth Park, Grimesthorpe","YW-FPG","",437137,390307,"Grab"
"337","","MARKET HARBOROUGH STW","UKENAN_AW_TP000177","",475882,288865,"Grab"
"338","Greater London","Enfield Royal Small Arms","TW-RSA","",NA,NA,"Grab"
"339","","SUDBURY STW","UKENAN_AW_TP000254","",586240,241118,"Grab"
"341","","GLOUCESTER NetheridgeSTW","UKENMI_ST_TP000099","",380829,216121,"Grab"
"342","Birmingham","Rabone Lane","ST-BRL","",403254,288970,"Grab"
"345","","CAMBERLEY, CAMBERLEY, SURREY STW""","UKENTH_TWU_TP000033","",485799,159501,"Grab"
"348","Greater London","LONDON (HOGSMILL Valley STW)","UKENTH_TWU_TP000084","LONDON (HOGSMILL Valley STW)",518999,168301,"Grab"
"351","","SAFFRON WALDEN STW","UKENAN_AW_TP000224","",553342,238614,"Grab"
"352","Newcastle","Newcastle - Gosforth","NW-GFH","",422882,569823,"Grab"
"361","Greater London","Bedford Row1","TW-BED","",NA,NA,"Grab"
"362","","REIGATE STW","UKENTH_TWU_TP000123","",527219,148041,"Grab"
"368","Nottingham","Bulwell","ST-BNG","",NA,NA,"Grab"
"369","","DIDCOT, FOXHALL ROAD, DIDCOT, O STW""","UKENTH_TWU_TP000055","",451939,191421,"Grab"
"370","Greater London","Barking Waverley Gdns","TW-WVG","",NA,NA,"Unspecified"
"371","Greater London","Greenwich Terminal","TW-GWT","",NA,NA,"Grab"
"376","","MINEHEAD STW","UKENSW_WXW_TP000057","",299129,145071,"Composite"
"377","Birmingham","Tyburn Road All","ST-BTX","",410175,289765,"Grab"
"381","","RETFORD STW","UKENMI_ST_TP000178","",469629,382781,"Grab"
"384","","BARNSTAPLE   STW","UKENSW_SWS_TP000002","",253327,134309,"Composite"
"389","Sheffield","Whirlow","YW-NFI","",432225,382593,"Grab"
"390","Greater Manchester","Oldham Failsworth","UU-OFW","",NA,NA,"Grab"
"391","","JAYWICK STW","UKENAN_AW_TP000148","",614064,214273,"Grab"
"393","Nottingham","Nottingham City B","ST-NCB","",NA,NA,"Grab"
"396","","CONSETT STW","UKENNE_NU_TP000019","",409679,554931,"Composite"
"400","","BRIDLINGTON STW","UKENNE_YW_TP000061","",515971,465255,"Composite"
"402","Greater London","Walthamstow Tudor Court","TW-TUC","",NA,NA,"Grab"
"404","Bristol","Knowle West","WW-KNO","",356880,171793,"Grab"
"409","","MIDDLESBOROUGH   STW","UKENNE_NU_TP000012","",456119,524091,"Composite"
"411","Leeds","Gipton, Oakwood","YW-GIP","",433803,434684,"Grab"
"414","","SHEFFIELD (BLACKBURN MEADOWS) STW","UKENNE_YW_TP000057","",439589,391567,"Grab"
"415","Greater Manchester","Wigan all areas","UU-WCA","",NA,NA,"Grab"
"417","","KENDAL STW","UKENNW_UU_TP000070","",351699,490791,"Composite"
"418","Sheffield","Herdings, Backmoor, Rollestone, Hemsworth","YW-NSI","",435908,384446,"Grab"
"423","Greater London","LONDON (Deepham STW)","UKENTH_TWU_TP000054","LONDON (Deepham STW)",535659,193171,"Grab"
"426","","CAMBRIDGE STW","UKENAN_AW_TP000050","CAMBRIDGE",547187,261751,"Grab"
"432","","TONBRIDGE STW","UKENSO_SW_TP000020","",559968,146230,"Grab"
"434","","CHIPPENHAM STW","UKENSW_WXW_TP000023","",391799,171371,"Composite"
"435","","ALFRETON STW","UKENMI_ST_TP000003","",441319,356891,"Grab"
"437","Bristol","Clay Bottom, Eastville, Ridgeway","WW-CUR","",NA,NA,"Grab"
"439","Sheffield","Porter Brook","YW-SPB","",434544,386201,"Grab"
"440","","MAIDSTONE AND AYLESFORD STW","UKENSO_SW_TP000030","MAIDSTONE AND AYLESFORD",571975,159382,"Composite"
"441","Cornwall G7","Relubbus, St Hilary, Golgsithney","SWS-TAV","",NA,NA,"Grab"
"447","Greater Manchester","Oldham Butler Green","UU-OBW","",NA,NA,"Grab"
"451","","STOCKPORT STW","UKENNW_UU_TP000116","",386519,389821,"Composite"
"452","","DOVER/FOLKSTONE   STW","UKENSO_SW_TP000028","",628575,139968,"Grab"
"455","","CORBY STW","UKENAN_AW_TP000067","",490525,289058,"Grab"
"458","","WIGSTON STW","UKENMI_ST_TP000233","",459419,297141,"Grab"
"459","Birmingham","Bescot Crescent Walsall","ST-BBC","",400627,296708,"Grab"
"462","Newcastle","Newcastle -Seaton Valley","NW-SVY","",427070,575238,"Grab"
"466","","SIDMOUTH STW","UKENSW_SWS_TP000064","",313655,90455,"Composite"
"471","","TORQUAY/ PAIGNTON/ BRIXHAM  ) STW","UKENSW_SWS_TP000075","",289699,56301,"Composite"
"472","","TELFORD SOUTH   STW","UKENMI_ST_TP000060","",370979,301401,"Grab"
"473","","BOURNEMOUTH (HOLDENHURST) STW","UKENSW_WXW_TP000038","",413049,95051,"Grab"
"474","","THORNE STW","UKENNE_YW_TP000133","",467829,414641,"Grab"
"485","Greater London","Battle Road SPS","TW-BAT","",NA,NA,"Grab"
"491","Exeter","Exeter West","SWS-WES","",NA,NA,"Composite"
"493","","PENRITH STW","UKENNW_UU_TP000100","",354763,529550,"Composite"
"494","Greater London","LONDON (Long Reach STW)","UKENTH_TWU_TP000102","",555599,176701,"Grab"
"500","","HULL STW","UKENNE_YW_TP000095","HULL STW",516284,429068,"Composite"
"502","","WASHINGTON STW","UKENNE_NU_TP000055","WASHINGTON STW",432799,555701,"Composite"
"503","Bristol","Redland","WW-RED","",NA,NA,"Grab"
"506","","TOTTON, MARCHWOOD, HYTHE, CADNAM STW""","UKENSO_SW_TP000011","TOTTON, MARCHWOOD, HYTHE, CADNAM   STW""",438275,111125,"Composite"
"508","","BORDON, BORDON, HANTS STW""","UKENTH_TWU_TP000023","",480299,136201,"Grab"
"510","","DISS STW","UKENAN_AW_TP000078","",612081,279287,"Grab"
"511","Nottingham","Gelding Residual","ST-GNS","",NA,NA,"Grab"
"512","Greater London","Havering Park Farm Rd","TW-PFR","",NA,NA,"Grab"
"513","Nottingham","NOTTINGHAM STW","UKENMI_ST_TP000163","STOKE BARDOLPH (Nottingham)",464729,342221,"Grab"
"518","","MANSFIELD STW","UKENMI_ST_TP000143","",454829,362421,"Grab"
"519","","LANCASTER (STODDAY) STW","UKENNW_UU_TP000076","LANCASTER (STODDAY) STW",345699,458711,"Composite"
"521","","RUGBY NEWBOLD STW","UKENMI_ST_TP000182","",449419,276351,"Grab"
"526","Greater London","Arnold Road","TW-ARN","",NA,NA,"Grab"
"529","","DEREHAM STW","UKENAN_AW_TP000077","",597632,313606,"Grab"
"532","","CHALTON STW","UKENAN_AW_TP000051","",502806,226864,"Grab"
"533","Greater London","Rayners Lane, Harrow Branch Sewer","TW-RLH","",NA,NA,"Grab"
"538","Greater Manchester","Stockport Centre","UU-SKC","",NA,NA,"Grab"
"543","Greater Manchester","Wigan Shevington South","UU-WCF","",NA,NA,"Grab"
"545","","Fleetwood and Blackpool (Fleetwood Marsh) STW","UKENNW_UU_TP000050","",333099,446501,"Grab"
"546","","KINGS LYNN STW","UKENAN_AW_TP000154","",560275,322372,"Grab"
"547","","BLANDFORD FORUM   STW","UKENSW_WXW_TP000085","",391729,102961,"Composite"
"548","Liverpool","Bank Kirkdale","UU-BKI","",NA,NA,"Grab"
"550","","LINCOLN STW","UKENAN_AW_TP000161","LINCOLN (Canwick works)",499884,370410,"Unspecified"
"551","","NEWBURY STW","UKENTH_TWU_TP000116","",449859,166721,"Grab"
"557","","PRESTON (CLIFTON MARSH) STW","UKENNW_UU_TP000102","",345709,427931,"Grab"
"559","","RADLETT   STW","UKENTH_TWU_TP000021","",513709,201061,"Unspecified"
"560","Bristol","Hartcliffe","WW-HAR","",358183,169027,"Grab"
"561","Greater London","Richford Street","TW-RIC","",NA,NA,"Grab"
"562","Birmingham","Viaduct Street","ST-BVS","",408579,287295,"Grab"
"563","","LISKEARD   STW","UKENSW_SWS_TP000045","",224102,63078,"Composite"
"569","Greater London","Earl Sewer","TW-ELS","",NA,NA,"Grab"
"573","Liverpool","Liverpool Northern","UU-LNO","",NA,NA,"Grab"
"574","Liverpool","Rimrose","UU-RRO","",NA,NA,"Grab"
"579","","HUNTINGDON STW","UKENAN_AW_TP000139","",526112,271009,"Grab"
"581","Nottingham","Clifton","ST-CNR","",NA,NA,"Grab"
"582","","INGOLDMELLS STW","UKENAN_AW_TP000143","",555731,367766,"Grab"
"583","Greater London","Walthamstow Black Path","TW-BPH","",NA,NA,"Grab"
"592","Greater London","Redbridge Roding Valley","TW-ROV","",NA,NA,"Grab"
"596","","SWINDON, RODBOURNE, SWINDON, WI STW""","UKENTH_TWU_TP000139","",412709,185801,"Grab"
"597","","BOSTON STW","UKENAN_AW_TP000023","",535699,340996,"Grab"
"599","","WALSALL SOUTH   STW","UKENMI_ST_TP000100","",402189,301921,"Grab"
"606","Bristol","St George","WW-STG","",361749,173663,"Grab"
"609","Sheffield","Swallownest, Aughton","YW-NFO","",445121,384917,"Grab"
"614","","SLOUGH, WOOD STW""","UKENTH_TWU_TP000133","",494299,179201,"Grab"
"618","Cornwall G7","Hayle East Quay","SWS-HYL","",NA,NA,"Grab"
"622","","NEWMARKET STW","UKENAN_AW_TP000194","",563383,267160,"Grab"
"623","","BURTON ON TRENT   STW","UKENMI_ST_TP000056","",426849,325511,"Grab"
"626","","YORK (NABURN) STW","UKENNE_YW_TP000029","",460089,447151,"Grab"
"629","","ERNESETTLE AND SALTASH   STW","UKENSW_SWS_TP000022","",244599,60101,"Composite"
"631","Leeds","Little London, Sheepscar, Woodhouse Carr","YW-LLP","",430889,434428,"Unspecified"
"633","","STROUD STW","UKENMI_ST_TP000208","",378889,204891,"Grab"
"636","","SOHAM STW","UKENAN_AW_TP000237","",558102,274464,"Grab"
"638","Leeds","Beeston Hill","YW-BHL","",430119,431880,"Grab"
"639","Greater London","Enfield Aspen Way","TW-ASP","",NA,NA,"Grab"
"640","","SHEFFIELD (WOODHOUSE MILL) STW","UKENNE_YW_TP000141","",443369,385781,"Grab"
"644","","THETFORD STW","UKENAN_AW_TP000261","",585582,283663,"Grab"
"646","Bristol","Hengrove and Knowle","WW-HEN","",361179,170225,"Grab"
"650","Bristol","Broomhill, Part UWE","WW-BFU","",NA,NA,"Grab"
"651","","OSWESTRY (Mile Oak) STW","UKENMI_ST_TP000167","",330219,327121,"Grab"
"663","Greater London","Old Bromley Road","TW-OBR","",NA,NA,"Grab"
"665","","NORTHWICH STW","UKENNW_UU_TP000097","",363739,374161,"Composite"
"667","Greater Manchester","Stockport South","UU-SKS","",NA,NA,"Grab"
"668","","GUILDFORD, GUILDFORD, SURREY STW""","UKENTH_TWU_TP000073","",500299,151601,"Grab"
"671","Leeds","Morley","YW-MOR","",428222,429580,"Grab"
"678","Greater London","All- Day","RAD-ALD","",NA,NA,"Composite"
"683","","DEWSBURY AND BATLEY STW","UKENNE_YW_TP000107","DEWSBURY AND BATLEY   STW",426089,419971,"Grab"
"685","","BOURNE STW","UKENAN_AW_TP000026","",510918,319985,"Unspecified"
"697","Greater London","Barking Gascoigne Rd","TW-GCR","",NA,NA,"Grab"
"699","","SHEPTON MALLET STW","UKENSW_WXW_TP000077","",360049,143971,"Composite"
"700","","YEOVIL STW","UKENSW_WXW_TP000111","",357229,116211,"Composite"
"701","Sheffield","Fulwood, Ranmoor, Stumperlowe","YW-FRS","",432097,385868,"Grab"
"711","","NORWICH STW","UKENAN_AW_TP000200","WHITTLINGHAM (Norwich)",627841,307418,"Composite"
"715","Southampton","Southampton Portswood","SW-SPW","",NA,NA,"Grab"
"717","","LOUTH STW","UKENAN_AW_TP000169","",535811,390139,"Grab"
"719","","CONGLETON STW","UKENNW_UU_TP000037","",385381,363483,"Composite"
"720","","LEICESTER STW","UKENMI_ST_TP000222","LEICESTER   STW",459849,311851,"Grab"
"725","","RAMSGATE, SANDWICH, DEAL   STW""","UKENSO_SW_TP000022","",633188,162889,"Composite"
"732","Leeds","Potternewton, Chapel Allerton","YW-POT","",431310,435931,"Grab"
"738","Greater London","Canberra Drive","TW-CBD","",NA,NA,"Grab"
"741","","LYDNEY STW","UKENMI_ST_TP000141","",363649,200551,"Grab"
"747","Greater London","Fraser Road SPS","TW-FRA","",NA,NA,"Grab"
"748","Exeter","Exeter Birk's Grange Accommodation","SWS-BGA","",NA,NA,"Composite"
"750","Birmingham","Cannon Hill","ST-BCA","",406276,283417,"Grab"
"751","Sheffield","Central Sheffield","YW-WIN","",439511,391538,"Grab"
"774","","MALVERN   STW","UKENMI_ST_TP000017","",379689,244931,"Grab"
"779","","WELLS-NEXT-THE-SEA STW","UKENAN_AW_TP000280","",591181,344005,"Grab"
"783","Sheffield","Endcliffe, Tapton, Crosspool","YW-NEI","",433259,385878,"Grab"
"784","","KIDDERMINSTER STW","UKENMI_ST_TP000120","",382559,273751,"Grab"
"794","Birmingham","Pershore Road","ST-BPE","",406114,283566,"Unspecified"
"800","","BILLINGHAM STW","UKENNE_NU_TP000009","",447939,525731,"Composite"
"801","","WHALEY BRIDGE STW","UKENNW_UU_TP000129","",401249,383221,"Grab"
"805","Greater London","Victoria Embank1","TW-VEG","",NA,NA,"Grab"
"812","","BURGESS HILL   STW","UKENSO_SW_TP000081","",528801,120569,"Composite"
"815","","BURSLEDON STW","UKENSO_SW_TP000128","",448199,108701,"Grab"
"829","","TROWBRIDGE STW","UKENSW_WXW_TP000092","TROWBRIDGE STW",384769,158051,"Composite"
"835","Leeds","Harehills North","YW-HAR","",432417,434849,"Grab"
"836","Birmingham","Langley Mill TPS","ST-BLA","",415286,296449,"Grab"
"838","Greater London","Lilliput","TW-LIL","",NA,NA,"Grab"
"841","","COLBURN STW","UKENNE_YW_TP000008","",424468,497925,"Grab"
"844","","CHELMSFORD   STW","UKENAN_AW_TP000055","",573806,206725,"Grab"
"855","","DERBY STW","UKENMI_ST_TP000074","DERBY STW",439359,334491,"Grab"
"857","","LITTLEHAMPTON AND BOGNOR   STW","UKENSO_SW_TP000090","",499695,103145,"Composite"
"862","Birmingham","Bescot Crescent Wolverhampton","ST-BBE","",400581,296680,"Grab"
"877","","PLYMOUTH CENTRAL STW","UKENSW_SWS_TP000058","PLYMOUTH CENTRAL",249776,54024,"Grab"
"884","","NORTHALLERTON AND ROMANBY STW","UKENNE_YW_TP000030","",435472,492774,"Grab"
"888","","BEDFORD STW","UKENAN_AW_TP000016","",508487,249332,"Grab"
"890","Bristol","Brentry, Trym, Southmead, Henbury","WW-BRE","",355440,176726,"Grab"
"899","Greater Manchester","Oldham Royton","UU-ORY","",NA,NA,"Grab"
"905","","GRANTHAM   STW","UKENAN_AW_TP000106","",490723,342661,"Grab"
"907","Liverpool","Sandon Dock Main Works","UU-MWO","",NA,NA,"Composite"
"909","","MARCH STW","UKENAN_AW_TP000176","",544149,299201,"Grab"
"910","","ELLESMERE PORT STW","UKENNW_UU_TP000047","",342338,374328,"Composite"
"922","","LOUGHBOROUGH STW","UKENMI_ST_TP000137","",453099,321301,"Grab"
"933","Birmingham","Hansons Bridge Road","ST-BHA","",414195,291892,"Grab"
"939","","LYMINGTON, PENNINGTON, NEW MILTON   STW""","UKENSO_SW_TP000002","",431073,93459,"Composite"
"952","Nottingham","Nottingham Northern","ST-NNB","",NA,NA,"Grab"
"955","Leeds","U Wortley, U Armley, N Wortley","YW-WAC","",428836,432911,"Grab"
"966","","CHARD STW","UKENSW_WXW_TP000018","",333909,111981,"Composite"
"974","","LUDLOW STW","UKENMI_ST_TP000139","",351699,273041,"Grab"
"991","Newcastle","Newcastle -Benwell","NW-BWL","",424085,563556,"Grab"
"994","","HYNDBURN STW","UKENNW_UU_TP000068","",375619,433371,"Composite"
"1018","","WEYMOUTH STW","UKENSW_WXW_TP000101","WEYMOUTH STW",366380,76721,"Composite"
"1019","","BISHOP AUCKLAND   STW","UKENNE_NU_TP000054","",420529,531581,"Grab"
"1022","","TELFORD   STW","UKENMI_ST_TP000184","",361299,313701,"Grab"
"1034","Leeds","Lawnswood, Hawksworth, LBA","YW-LWN","",426025,436511,"Grab"
"1043","","NEWTON   STW","UKENNE_NU_TP000003","",428369,523271,"Composite"
"1046","","WORKINGTON STW","UKENNW_UU_TP000139","",300479,531841,"Grab"
"1052","","TUNBRIDGE WELLS   South STW","UKENSO_SW_TP000021","",554505,138089,"Grab"
"1058","Greater London","Appold Street SPS","TW-APP","",NA,NA,"Grab"
"1065","","CREWE STW","UKENNW_UU_TP000038","CREWE STW",366639,357111,"Composite"
"1078","Teesside","Hartlepool Central","NW-HPC","",NA,NA,"Grab"
"1081","Greater London","Dalling Road","TW-DAL","",NA,NA,"Grab"
"1095","Greater London","Enfield Streamside Close","TW-STR","",NA,NA,"Grab"
"1124","Sheffield","Chapletown","YW-SCT","",435918,395673,"Grab"
"1126","","ANDOVER STW","UKENSO_SW_TP000006","",437251,141673,"Composite"
"1132","Sheffield","Part of Firth Park","YW-NTE","",436743,390576,"Grab"
"1133","","BRANCOTE STW","UKENMI_ST_TP000036","",395499,322271,"Grab"
"1134","","ROYSTON STW","UKENAN_AW_TP000222","",535529,242381,"Grab"
"1135","Greater London","All- Night","RAD-ALN","",NA,NA,"Composite"
"1143","","CHICHESTER STW","UKENSO_SW_TP000107","",484315,103918,"Grab"
"1148","Liverpool","Strand SSO","UU-STS","",NA,NA,"Grab"
"1153","","BURNLEY STW","UKENNW_UU_TP000024","",382849,435121,"Composite"
"1165","Luton","Luton Townhall","TW-LTH","",NA,NA,"Grab"
"1175","","SALISBURY STW","UKENSW_WXW_TP000074","",416039,129131,"Composite"
"1222","Leeds","Melville Road, Woodhouse, Leeds","YW-WHM","",NA,NA,"Grab"
"1239","","HELSTON STW","UKENSW_SWS_TP000033","",165503,26944,"Grab"
"1252","Leeds","Craven Road, Woodhouse, Leeds","YW-WHC","",NA,NA,"Grab"
"1264","","LANGLEY STW","UKENMI_ST_TP000128","",415599,296651,"Grab"
"1274","","BRAINTREE STW","UKENAN_AW_TP000029","",576577,222052,"Grab"
"1289","Nottingham","Bilborough Aspley B","ST-BNB","",NA,NA,"Grab"
"1290","","TILBURY STW, TILBURY, ESSEX""","UKENAN_AW_TP000308","",565353,175767,"Grab"
"1295","Leeds","New Blackpool, New Farnley, Moor Side","YW-NBL","",427156,431591,"Grab"
"1343","","CROMER   STW","UKENAN_AW_TP000071","",620648,341957,"Grab"
"1346","Birmingham","Minworth STW","ST-BMI","",416031,292284,"Grab"
"1353","","HAILSHAM SOUTH STW","UKENSO_SW_TP000096","",559739,108341,"Grab"
"1410","Liverpool","Fazakerley High","UU-FZH","",NA,NA,"Unspecified"
"1436","","WELLINGTON STW","UKENSW_WXW_TP000096","",312969,121821,"Composite"
"1451","Leeds","Gledhow, Moortown","YW-GMT","",431971,436262,"Grab"
"1452","Greater Manchester","Wigan Appley Bridge","UU-WCD","",NA,NA,"Grab"
"1476","Birmingham","Wood Lane","ST-BWO","",406159,291125,"Grab"
"1482","Birmingham","Kingsbury Road Solihull","ST-BKI","",413860,291444,"Grab"
"1486","","HEACHAM STW","UKENAN_AW_TP000128","",566869,336315,"Grab"
"1516","Sheffield","Firth Park Area","YW-FPA","",436033,391195,"Grab"
"1540","","MALTON STW","UKENNE_YW_TP000026","",477456,470471,"Grab"
"1547","Nottingham","Carlton DAS","ST-CDG","",NA,NA,"Grab"
"1551","Greater London","Brookmill Road","TW-BMR","",NA,NA,"Grab"
"1580","Greater London","Barking Mallards Rd","TW-MLR","",NA,NA,"Grab"
"1612","Liverpool","Mersey Road","UU-MRD","",NA,NA,"Grab"
"1615","","LOWESTOFT STW","UKENAN_AW_TP000170","",653429,297861,"Composite"
"1616","","BARNSLEY (LUNDWOOD) STW","UKENNE_YW_TP000102","",437799,407001,"Composite"
"1646","","BECCLES STW","UKENAN_AW_TP000015","",644890,290424,"Grab"
"1659","Greater London","Trumpers Way, Hanwell Sewer","TW-TWH","",NA,NA,"Grab"
"1686","","WITHAM STW","UKENAN_AW_TP000296","",582625,214013,"Grab"
"1694","Greater London","Entrance","RAD-ENT","",NA,NA,"Composite"
"1728","Greater London","Restaurant","RAD-RST","",NA,NA,"Composite"
"1733","","CLIFTON STW","UKENAN_AW_TP000060","",517700,240244,"Unspecified"
"1743","Sheffield","Jordanthorpe","YW-JOR","",NA,NA,"Grab"
"1749","","CHECKLEY STW","UKENMI_ST_TP000050","",403429,337391,"Grab"
"1778","Sheffield","Handsworth Top","YW-TTH","",439316,387663,"Grab"
"1840","Grantham","Moy Park Process 1(A)","AE-MSA","",NA,NA,"Composite"
"1871","Teesside","Hartlepool North","NW-HPN","",NA,NA,"Unspecified"
"1883","Liverpool","Bank Everton Pt","UU-BEV","",NA,NA,"Grab"
"1982","","DRIFFIELD STW","UKENNE_YW_TP000076","",502661,456898,"Composite"
"1987","Leeds","Ireland Wood, Iveson Wood","YW-IRE","",426055,438136,"Grab"
"2120","","NORTHAMPTON   STW","UKENAN_AW_TP000107","",481616,261993,"Grab"
"2136","","BURY STW","UKENNW_UU_TP000026","",380039,407811,"Composite"
"2151","Greater London","Waterside Close, Hendon Branch Sewer","TW-WCH","",NA,NA,"Grab"
"2156","Greater London","The Ride, South Ealing Sewer","TW-RSH","",NA,NA,"Grab"
"2183","Newcastle","Newcastle - Denton Valley","NW-DTV","",418366,567527,"Grab"
"2204","Leeds","Headingley, Hyde Park, Woodhouse","YW-HDY","",428160,434771,"Grab"
"2234","Sheffield","Stocksbridge","YW-SKB","",429044,397793,"Grab"
"2252","Leeds","Oatland Court, Little London, Leeds","YW-LLO","",NA,NA,"Grab"
"2295","Greater London","Gym","RAD-GYM","",NA,NA,"Composite"
"2327","Greater London","Tower Hamlet Selby St","TW-SYS","",NA,NA,"Grab"
"2356","","BODMIN (SCARLETTS WELL) STW","UKENSW_SWS_TP000005","",205541,67396,"Grab"
"2369","Sheffield","Banner Cross, Greystones, Ecclesall","YW-NON","",432875,385675,"Grab"
"2429","","HENDON STW","UKENNE_NU_TP000028","",441059,556121,"Composite"
"2546","Greater Manchester","Cottenham Lane","UU-COT","",NA,NA,"Grab"
"2592","Liverpool","Bank Stanley Road","UU-BST","",NA,NA,"Grab"
"2609","","EASTLEIGH   STW","UKENSO_SW_TP000013","",446839,117931,"Composite"
"2666","Leeds","Rodley, Bramley, Farsley","YW-RBF","",423023,436242,"Grab"
"2913","Teesside","Hartlepool Headland","NW-HPH","",NA,NA,"Grab"
"2916","","SKELMERSDALE STW","UKENNW_UU_TP000113","",347580,410890,"Composite"
"3156","","ROSSENDALE STW","UKENNW_UU_TP000104","",379569,420611,"Grab"
"3373","Leeds","Beeston Park Side","YW-BPS","",430557,430846,"Grab"
"3658","Liverpool","Fazakerley Low","UU-FZL","",NA,NA,"Grab"
"3837","Basingstoke","Sainsbury Logistic South","AE-BSK","",NA,NA,"Unspecified"
"3856","","EVESHAM STW","UKENMI_ST_TP000091","",403179,244671,"Grab"
"4045","Greater Manchester","Salford University","UU-SUN","",NA,NA,"Grab"
"4145","Leeds","Meanwood Street, Little London, Leeds","YW-LLM","",NA,NA,"Grab"
"4322","Liverpool","Bank Hale Road","UU-BHA","",NA,NA,"Grab"
"4414","Sheffield","Shirtcliffe Brook","YW-SSB","",443149,385704,"Grab"
"5872","","SCARBOROUGH STW","UKENNE_YW_TP000039","",502608,492250,"Grab"
"6583","","WALTON-LE-DALE STW","UKENNW_UU_TP000123","",354370,427570,"Composite"
"7369","Cornwall G7","Falmouth Floatel in Harbour","SWS-FLT","",NA,NA,"Grab"
"7835","Leeds","Colton, Whitkirk","YW-COL","",436564,432515,"Grab"
"7926","Worksop","Greencore","AE-GCR","",NA,NA,"Composite"
"9114","Grantham","Moy Park Process 1(B)","AE-MSB","",NA,NA,"Composite"
"9175","","CLITHEROE STW","UKENNW_UU_TP000034","",372619,440391,"Composite"
"10269","","CHORLEY STW","UKENNW_UU_TP000032","",356587,417686,"Composite"
"22251","Worksop","Greencore S2","AE-COR","",NA,NA,"Composite"
